poly_id,asdf_id,mun,mun_id,dep,dep_id,prov_id,prov,dep_mun,dep_prov_mun,shapeID
178,0,Esmeralda,40505,Oruro,5,405,Litoral,Oruro-Esmeralda,Oruro-Litoral-Esmeralda,BOL-ADM3-33444609B20338026
169,1,Quillacas,40202,Oruro,5,402,Eduardo Avaroa,Oruro-Quillacas,Oruro-Eduardo Avaroa-Quillacas,BOL-ADM3-33444609B53994240
185,2,Pampa Aullagas,40802,Oruro,5,408,Ladislao Cabrera,Oruro-Pampa Aullagas,Oruro-Ladislao Cabrera-Pampa Aullagas,BOL-ADM3-33444609B27878331
205,3,Llallagua,50203,Potosí,7,502,Rafael Bustillo,Potosí-Llallagua,Potosí-Rafael Bustillo-Llallagua,BOL-ADM3-33444609B13957296
219,4,Caripuyo,50702,Potosí,7,507,Alonso de Ibáñez,Potosí-Caripuyo,Potosí-Alonso de Ibáñez-Caripuyo,BOL-ADM3-33444609B2060227
118,5,Aiquile,30201,Cochabamba,3,302,Campero,Cochabamba-Aiquile,Cochabamba-Campero-Aiquile,BOL-ADM3-33444609B22499454
218,6,Villa de Sacaca,50701,Potosí,7,507,Alonso de Ibáñez,Potosí-Villa de Sacaca,Potosí-Alonso de Ibáñez-Villa de Sacaca,BOL-ADM3-33444609B14646898
234,7,Acasio,51302,Potosí,7,513,Bilbao,Potosí-Acasio,Potosí-Bilbao-Acasio,BOL-ADM3-33444609B19396342
182,8,Huanuni,40701,Oruro,5,407,Pantaleón Dalence,Oruro-Huanuni,Oruro-Pantaleón Dalence-Huanuni,BOL-ADM3-33444609B48998442
174,9,Huachacalla,40501,Oruro,5,405,Litoral,Oruro-Huachacalla,Oruro-Litoral-Huachacalla,BOL-ADM3-33444609B43353864
194,10,Huari,41401,Oruro,5,414,Sebastián Pagador,Oruro-Huari,Oruro-Sebastián Pagador-Huari,BOL-ADM3-33444609B12212981
180,11,Pazña,40602,Oruro,5,406,Poopó,Oruro-Pazña,Oruro-Poopó-Pazña,BOL-ADM3-33444609B81698958
157,12,Villa Rivero,31402,Cochabamba,3,314,Punata,Cochabamba-Villa Rivero,Cochabamba-Punata-Villa Rivero,BOL-ADM3-33444609B39428862
191,13,Santiago de Andamarca,41201,Oruro,5,412,Sud Carangas,Oruro-Santiago de Andamarca,Oruro-Sud Carangas-Santiago de Andamarca,BOL-ADM3-33444609B55151365
112,14,Chacarilla,21803,La Paz,4,218,Gualberto Villarroel,La Paz-Chacarilla,La Paz-Gualberto Villarroel-Chacarilla,BOL-ADM3-33444609B33779243
126,15,Arbieto,30403,Cochabamba,3,304,Esteban Arze,Cochabamba-Arbieto,Cochabamba-Esteban Arze-Arbieto,BOL-ADM3-33444609B65270572
111,16,Papel Pampa,21802,La Paz,4,218,Gualberto Villarroel,La Paz-Papel Pampa,La Paz-Gualberto Villarroel-Papel Pampa,BOL-ADM3-33444609B96301403
95,17,Umala,21302,La Paz,4,213,Aroma,La Paz-Umala,La Paz-Aroma-Umala,BOL-ADM3-33444609B33786797
164,18,Oruro,40101,Oruro,5,401,Cercado,Oruro-Oruro,Oruro-Cercado-Oruro,BOL-ADM3-33444609B89522171
198,19,Huayllamarca,41601,Oruro,5,416,Nor Carangas,Oruro-Huayllamarca,Oruro-Nor Carangas-Huayllamarca,BOL-ADM3-33444609B49437729
110,20,San Pedro Cuarahuara,21801,La Paz,4,218,Gualberto Villarroel,La Paz-San Pedro Cuarahuara,La Paz-Gualberto Villarroel-San Pedro Cuarahuara,BOL-ADM3-33444609B90350398
134,21,Sicaya,30703,Cochabamba,3,307,Capinota,Cochabamba-Sicaya,Cochabamba-Capinota-Sicaya,BOL-ADM3-33444609B28043407
301,22,Puerto Quijarro,71402,Santa Cruz,8,714,Germán Busch,Santa Cruz-Puerto Quijarro,Santa Cruz-Germán Busch-Puerto Quijarro,BOL-ADM3-33444609B22047407
132,23,Capinota,30701,Cochabamba,3,307,Capinota,Cochabamba-Capinota,Cochabamba-Capinota-Capinota,BOL-ADM3-33444609B45253703
130,24,Arque,30601,Cochabamba,3,306,Arque,Cochabamba-Arque,Cochabamba-Arque-Arque,BOL-ADM3-33444609B98674568
41,25,Coro Coro,20301,La Paz,4,203,Pacajes,La Paz-Coro Coro,La Paz-Pacajes-Coro Coro,BOL-ADM3-33444609B17270625
158,26,San Benito,31403,Cochabamba,3,314,Punata,Cochabamba-San Benito,Cochabamba-Punata-San Benito,BOL-ADM3-33444609B19104054
75,27,Sapahaqui,20902,La Paz,4,209,Loayza,La Paz-Sapahaqui,La Paz-Loayza-Sapahaqui,BOL-ADM3-33444609B66518212
78,28,Cairoma,20905,La Paz,4,209,Loayza,La Paz-Cairoma,La Paz-Loayza-Cairoma,BOL-ADM3-33444609B10766550
82,29,Colquiri,21004,La Paz,4,210,Inquisivi,La Paz-Colquiri,La Paz-Inquisivi-Colquiri,BOL-ADM3-33444609B98493674
83,30,Ichoca,21005,La Paz,4,210,Inquisivi,La Paz-Ichoca,La Paz-Inquisivi-Ichoca,BOL-ADM3-33444609B35095185
253,31,La Guardia,70104,Santa Cruz,8,701,Andrés Ibáñez,Santa Cruz-La Guardia,Santa Cruz-Andrés Ibáñez-La Guardia,BOL-ADM3-33444609B27516383
279,32,Moro Moro,70803,Santa Cruz,8,708,Vallegrande,Santa Cruz-Moro Moro,Santa Cruz-Vallegrande-Moro Moro,BOL-ADM3-33444609B65462728
254,33,El Torno,70105,Santa Cruz,8,701,Andrés Ibáñez,Santa Cruz-El Torno,Santa Cruz-Andrés Ibáñez-El Torno,BOL-ADM3-33444609B3283622
282,34,Samaipata,70901,Santa Cruz,8,709,Florida,Santa Cruz-Samaipata,Santa Cruz-Florida-Samaipata,BOL-ADM3-33444609B3665426
20,35,San Lucas,10702,Chuquisaca,2,107,Nor Cinti,Chuquisaca-San Lucas,Chuquisaca-Nor Cinti-San Lucas,BOL-ADM3-33444609B75362770
25,36,Culpina,10902,Chuquisaca,2,109,Sud Cinti,Chuquisaca-Culpina,Chuquisaca-Sud Cinti-Culpina,BOL-ADM3-33444609B89526883
21,37,Incahuasi,10703,Chuquisaca,2,107,Nor Cinti,Chuquisaca-Incahuasi,Chuquisaca-Nor Cinti-Incahuasi,BOL-ADM3-33444609B77799107
263,38,San Juan de Yapacaní,70404,Santa Cruz,8,704,Ichilo,Santa Cruz-San Juan de Yapacaní,Santa Cruz-Ichilo-San Juan de Yapacaní,BOL-ADM3-33444609B36544235
200,39,Tinguipaya,50102,Potosí,7,501,Tomás Frías,Potosí-Tinguipaya,Potosí-Tomás Frías-Tinguipaya,BOL-ADM3-33444609B69045844
214,40,San Pedro de Buena Vista,50501,Potosí,7,505,Charcas,Potosí-San Pedro de Buena Vista,Potosí-Charcas-San Pedro de Buena Vista,BOL-ADM3-33444609B29777572
36,41,Ancoraimes,20202,La Paz,4,202,Omasuyos,La Paz-Ancoraimes,La Paz-Omasuyos-Ancoraimes,BOL-ADM3-33444609B4195370
222,42,"Colcha ""K""",50901,Potosí,7,509,Nor Lípez,"Potosí-Colcha ""K""","Potosí-Nor Lípez-Colcha ""K""",BOL-ADM3-33444609B80268637
51,43,Puerto Carabuco,20403,La Paz,4,204,Camacho,La Paz-Puerto Carabuco,La Paz-Camacho-Puerto Carabuco,BOL-ADM3-33444609B33602201
186,44,Sabaya,40901,Oruro,5,409,Sabaya,Oruro-Sabaya,Oruro-Sabaya-Sabaya,BOL-ADM3-33444609B55181457
317,45,Loreto,80601,Beni,1,806,Marbán,Beni-Loreto,Beni-Marbán-Loreto,BOL-ADM3-33444609B74955412
231,46,Tomave,51202,Potosí,7,512,Antonio Quijarro,Potosí-Tomave,Potosí-Antonio Quijarro-Tomave,BOL-ADM3-33444609B79735413
232,47,Porco,51203,Potosí,7,512,Antonio Quijarro,Potosí-Porco,Potosí-Antonio Quijarro-Porco,BOL-ADM3-33444609B50648219
244,48,Villamontes,60303,Tarija,9,603,Gran Chaco,Tarija-Villamontes,Tarija-Gran Chaco-Villamontes,BOL-ADM3-33444609B43551685
201,49,Yocalla,50103,Potosí,7,501,Tomás Frías,Potosí-Yocalla,Potosí-Tomás Frías-Yocalla,BOL-ADM3-33444609B55738046
202,50,Urmiri,50104,Potosí,7,501,Tomás Frías,Potosí-Urmiri,Potosí-Tomás Frías-Urmiri,BOL-ADM3-33444609B4133228
50,51,Mocomoco,20402,La Paz,4,204,Camacho,La Paz-Mocomoco,La Paz-Camacho-Mocomoco,BOL-ADM3-33444609B8281684
299,52,Saipina,71302,Santa Cruz,8,713,Manuel María Caballero,Santa Cruz-Saipina,Santa Cruz-Manuel María Caballero-Saipina,BOL-ADM3-33444609B21235771
120,53,Omereque,30203,Cochabamba,3,302,Campero,Cochabamba-Omereque,Cochabamba-Campero-Omereque,BOL-ADM3-33444609B25995685
252,54,Porongo,70103,Santa Cruz,8,701,Andrés Ibáñez,Santa Cruz-Porongo,Santa Cruz-Andrés Ibáñez-Porongo,BOL-ADM3-33444609B55124296
250,55,Santa Cruz de la Sierra,70101,Santa Cruz,8,701,Andrés Ibáñez,Santa Cruz-Santa Cruz de la Sierra,Santa Cruz-Andrés Ibáñez-Santa Cruz de la Sierra,BOL-ADM3-33444609B6878387
316,56,San Ignacio,80501,Beni,1,805,Moxos,Beni-San Ignacio,Beni-Moxos-San Ignacio,BOL-ADM3-33444609B3318455
292,57,San Javier,71102,Santa Cruz,8,711,Ñuflo de Chávez,Santa Cruz-San Javier,Santa Cruz-Ñuflo de Chávez-San Javier,BOL-ADM3-33444609B8905284
290,58,San Pedro,71005,Santa Cruz,8,710,Obispo Santistevan,Santa Cruz-San Pedro,Santa Cruz-Obispo Santistevan-San Pedro,BOL-ADM3-33444609B2142879
81,59,Cajuata,21003,La Paz,4,210,Inquisivi,La Paz-Cajuata,La Paz-Inquisivi-Cajuata,BOL-ADM3-33444609B87038976
79,60,Inquisivi,21001,La Paz,4,210,Inquisivi,La Paz-Inquisivi,La Paz-Inquisivi-Inquisivi,BOL-ADM3-33444609B59519836
86,61,Irupana,21102,La Paz,4,211,Sud Yungas,La Paz-Irupana,La Paz-Sud Yungas-Irupana,BOL-ADM3-33444609B26067698
85,62,Chulumani,21101,La Paz,4,211,Sud Yungas,La Paz-Chulumani,La Paz-Sud Yungas-Chulumani,BOL-ADM3-33444609B18902401
179,63,Poopó,40601,Oruro,5,406,Poopó,Oruro-Poopó,Oruro-Poopó-Poopó,BOL-ADM3-33444609B62162538
193,64,San Pedro de Totora,41301,Oruro,5,413,San Pedro de Totora,Oruro-San Pedro de Totora,Oruro-San Pedro de Totora-San Pedro de Totora,BOL-ADM3-33444609B19359116
207,65,Betanzos,50301,Potosí,7,503,Cornelio Saavedra,Potosí-Betanzos,Potosí-Cornelio Saavedra-Betanzos,BOL-ADM3-33444609B40503271
173,66,Turco,40402,Oruro,5,404,Sajama,Oruro-Turco,Oruro-Sajama-Turco,BOL-ADM3-33444609B16444652
196,67,Todos Santos,41502,Oruro,5,415,Mejillones,Oruro-Todos Santos,Oruro-Mejillones-Todos Santos,BOL-ADM3-33444609B61346396
291,68,Concepción,71101,Santa Cruz,8,711,Ñuflo de Chávez,Santa Cruz-Concepción,Santa Cruz-Ñuflo de Chávez-Concepción,BOL-ADM3-33444609B73204671
268,69,Santa Rosa del Sara,70602,Santa Cruz,8,706,Sara,Santa Cruz-Santa Rosa del Sara,Santa Cruz-Sara-Santa Rosa del Sara,BOL-ADM3-33444609B19125904
324,70,Huacaraje,80803,Beni,1,808,Iténez,Beni-Huacaraje,Beni-Iténez-Huacaraje,BOL-ADM3-33444609B59987600
195,71,La Rivera,41501,Oruro,5,415,Mejillones,Oruro-La Rivera,Oruro-Mejillones-La Rivera,BOL-ADM3-33444609B98058544
249,72,Entre Ríos,60601,Tarija,9,606,O'Connor,Tarija-Entre Ríos,Tarija-O'Connor-Entre Ríos,BOL-ADM3-33444609B65603601
319,73,San Joaquín,80701,Beni,1,807,Mamoré,Beni-San Joaquín,Beni-Mamoré-San Joaquín,BOL-ADM3-33444609B85871655
320,74,San Ramón,80702,Beni,1,807,Mamoré,Beni-San Ramón,Beni-Mamoré-San Ramón,BOL-ADM3-33444609B31629000
69,75,Tiahuanacu,20803,La Paz,4,208,Ingavi,La Paz-Tiahuanacu,La Paz-Ingavi-Tiahuanacu,BOL-ADM3-33444609B70300813
210,76,Colquechaca,50401,Potosí,7,504,Chayanta,Potosí-Colquechaca,Potosí-Chayanta-Colquechaca,BOL-ADM3-33444609B2169284
212,77,Pocoata,50403,Potosí,7,504,Chayanta,Potosí-Pocoata,Potosí-Chayanta-Pocoata,BOL-ADM3-33444609B28265316
235,78,Llica,51401,Potosí,7,514,Daniel Campos,Potosí-Llica,Potosí-Daniel Campos-Llica,BOL-ADM3-33444609B5007094
138,79,Quillacollo,30901,Cochabamba,3,309,Quillacollo,Cochabamba-Quillacollo,Cochabamba-Quillacollo-Quillacollo,BOL-ADM3-33444609B2586032
143,80,Sacaba,31001,Cochabamba,3,310,Chapare,Cochabamba-Sacaba,Cochabamba-Chapare-Sacaba,BOL-ADM3-33444609B27378021
140,81,Tiquipaya,30903,Cochabamba,3,309,Quillacollo,Cochabamba-Tiquipaya,Cochabamba-Quillacollo-Tiquipaya,BOL-ADM3-33444609B80439797
142,82,Colcapirhua,30905,Cochabamba,3,309,Quillacollo,Cochabamba-Colcapirhua,Cochabamba-Quillacollo-Colcapirhua,BOL-ADM3-33444609B86021401
139,83,Sipe Sipe,30902,Cochabamba,3,309,Quillacollo,Cochabamba-Sipe Sipe,Cochabamba-Quillacollo-Sipe Sipe,BOL-ADM3-33444609B57513939
141,84,Vinto,30904,Cochabamba,3,309,Quillacollo,Cochabamba-Vinto,Cochabamba-Quillacollo-Vinto,BOL-ADM3-33444609B63544582
124,85,Tarata,30401,Cochabamba,3,304,Esteban Arze,Cochabamba-Tarata,Cochabamba-Esteban Arze-Tarata,BOL-ADM3-33444609B91378627
147,86,Totora,31201,Cochabamba,3,312,Carrasco,Cochabamba-Totora,Cochabamba-Carrasco-Totora,BOL-ADM3-33444609B10790515
260,87,Buena Vista,70401,Santa Cruz,8,704,Ichilo,Santa Cruz-Buena Vista,Santa Cruz-Ichilo-Buena Vista,BOL-ADM3-33444609B62366677
261,88,San Carlos,70402,Santa Cruz,8,704,Ichilo,Santa Cruz-San Carlos,Santa Cruz-Ichilo-San Carlos,BOL-ADM3-33444609B65201053
322,89,Magdalena,80801,Beni,1,808,Iténez,Beni-Magdalena,Beni-Iténez-Magdalena,BOL-ADM3-33444609B24515942
267,90,Portachuelo,70601,Santa Cruz,8,706,Sara,Santa Cruz-Portachuelo,Santa Cruz-Sara-Portachuelo,BOL-ADM3-33444609B38843317
226,91,San Antonio de Esmoruco,51003,Potosí,7,510,Sud Lípez,Potosí-San Antonio de Esmoruco,Potosí-Sud Lípez-San Antonio de Esmoruco,BOL-ADM3-33444609B37744367
245,92,Uriondo,60401,Tarija,9,604,Avilés,Tarija-Uriondo,Tarija-Avilés-Uriondo,BOL-ADM3-33444609B1106358
225,93,Mojinete,51002,Potosí,7,510,Sud Lípez,Potosí-Mojinete,Potosí-Sud Lípez-Mojinete,BOL-ADM3-33444609B85745690
242,94,Yacuiba,60301,Tarija,9,603,Gran Chaco,Tarija-Yacuiba,Tarija-Gran Chaco-Yacuiba,BOL-ADM3-33444609B87243497
246,95,Yunchará,60402,Tarija,9,604,Avilés,Tarija-Yunchará,Tarija-Avilés-Yunchará,BOL-ADM3-33444609B234644
243,96,Caraparí,60302,Tarija,9,603,Gran Chaco,Tarija-Caraparí,Tarija-Gran Chaco-Caraparí,BOL-ADM3-33444609B75965900
247,97,Villa San Lorenzo,60501,Tarija,9,605,Méndez,Tarija-Villa San Lorenzo,Tarija-Méndez-Villa San Lorenzo,BOL-ADM3-33444609B88496650
305,98,El Puente,71503,Santa Cruz,8,715,Guarayos,Santa Cruz-El Puente,Santa Cruz-Guarayos-El Puente,BOL-ADM3-33444609B59853279
215,99,Toro Toro,50502,Potosí,7,505,Charcas,Potosí-Toro Toro,Potosí-Charcas-Toro Toro,BOL-ADM3-33444609B34120572
238,100,San Agustín,51601,Potosí,7,516,Enrique Baldivieso,Potosí-San Agustín,Potosí-Enrique Baldivieso-San Agustín,BOL-ADM3-33444609B63002823
239,101,Tarija,60101,Tarija,9,601,Cercado,Tarija-Tarija,Tarija-Cercado-Tarija,BOL-ADM3-33444609B48940768
236,102,Tahua,51402,Potosí,7,514,Daniel Campos,Potosí-Tahua,Potosí-Daniel Campos-Tahua,BOL-ADM3-33444609B83584775
224,103,San Pablo de Lípez,51001,Potosí,7,510,Sud Lípez,Potosí-San Pablo de Lípez,Potosí-Sud Lípez-San Pablo de Lípez,BOL-ADM3-33444609B12022744
26,104,Las Carreras,10903,Chuquisaca,2,109,Sud Cinti,Chuquisaca-Las Carreras,Chuquisaca-Sud Cinti-Las Carreras,BOL-ADM3-33444609B6650687
24,105,Villa Abecia,10901,Chuquisaca,2,109,Sud Cinti,Chuquisaca-Villa Abecia,Chuquisaca-Sud Cinti-Villa Abecia,BOL-ADM3-33444609B72563416
122,106,Morochata,30302,Cochabamba,3,303,Ayopaya,Cochabamba-Morochata,Cochabamba-Ayopaya-Morochata,BOL-ADM3-33444609B32136747
197,107,Carangas,41503,Oruro,5,415,Mejillones,Oruro-Carangas,Oruro-Mejillones-Carangas,BOL-ADM3-33444609B11014199
177,108,Yunguyo de Litoral,40504,Oruro,5,405,Litoral,Oruro-Yunguyo de Litoral,Oruro-Litoral-Yunguyo de Litoral,BOL-ADM3-33444609B29831186
176,109,Cruz de Machacamarca,40503,Oruro,5,405,Litoral,Oruro-Cruz de Machacamarca,Oruro-Litoral-Cruz de Machacamarca,BOL-ADM3-33444609B64125054
181,110,Antequera,40603,Oruro,5,406,Poopó,Oruro-Antequera,Oruro-Poopó-Antequera,BOL-ADM3-33444609B44425060
47,111,Nazacara de Pacajes,20307,La Paz,4,203,Pacajes,La Paz-Nazacara de Pacajes,La Paz-Pacajes-Nazacara de Pacajes,BOL-ADM3-33444609B30420791
42,112,Caquiaviri,20302,La Paz,4,203,Pacajes,La Paz-Caquiaviri,La Paz-Pacajes-Caquiaviri,BOL-ADM3-33444609B25496031
192,113,Belén de Andamarca,41202,Oruro,5,412,Sud Carangas,Oruro-Belén de Andamarca,Oruro-Sud Carangas-Belén de Andamarca,BOL-ADM3-33444609B78062899
170,114,Corque,40301,Oruro,5,403,Carangas,Oruro-Corque,Oruro-Carangas-Corque,BOL-ADM3-33444609B19215102
217,115,Vitichi,50602,Potosí,7,506,Nor Chichas,Potosí-Vitichi,Potosí-Nor Chichas-Vitichi,BOL-ADM3-33444609B29766009
74,116,Luribay,20901,La Paz,4,209,Loayza,La Paz-Luribay,La Paz-Loayza-Luribay,BOL-ADM3-33444609B50583695
183,117,Machacamarca,40702,Oruro,5,407,Pantaleón Dalence,Oruro-Machacamarca,Oruro-Pantaleón Dalence-Machacamarca,BOL-ADM3-33444609B61739549
233,118,Arampampa,51301,Potosí,7,513,Bilbao,Potosí-Arampampa,Potosí-Bilbao-Arampampa,BOL-ADM3-33444609B79352083
127,119,Sacabamba,30404,Cochabamba,3,304,Esteban Arze,Cochabamba-Sacabamba,Cochabamba-Esteban Arze-Sacabamba,BOL-ADM3-33444609B67664908
125,120,Anzaldo,30402,Cochabamba,3,304,Esteban Arze,Cochabamba-Anzaldo,Cochabamba-Esteban Arze-Anzaldo,BOL-ADM3-33444609B24659770
136,121,Toko,30802,Cochabamba,3,308,Germán Jordán,Cochabamba-Toko,Cochabamba-Germán Jordán-Toko,BOL-ADM3-33444609B17865743
160,122,Cuchumuela,31405,Cochabamba,3,314,Punata,Cochabamba-Cuchumuela,Cochabamba-Punata-Cuchumuela,BOL-ADM3-33444609B84509711
159,123,Tacachi,31404,Cochabamba,3,314,Punata,Cochabamba-Tacachi,Cochabamba-Punata-Tacachi,BOL-ADM3-33444609B63808862
135,124,Cliza,30801,Cochabamba,3,308,Germán Jordán,Cochabamba-Cliza,Cochabamba-Germán Jordán-Cliza,BOL-ADM3-33444609B45712919
131,125,Tacopaya,30602,Cochabamba,3,306,Arque,Cochabamba-Tacopaya,Cochabamba-Arque-Tacopaya,BOL-ADM3-33444609B71410216
166,126,El Choro,40103,Oruro,5,401,Cercado,Oruro-El Choro,Oruro-Cercado-El Choro,BOL-ADM3-33444609B34376575
189,127,Toledo,41001,Oruro,5,410,Saucarí,Oruro-Toledo,Oruro-Saucarí-Toledo,BOL-ADM3-33444609B90107878
133,128,Santivañez,30702,Cochabamba,3,307,Capinota,Cochabamba-Santivañez,Cochabamba-Capinota-Santivañez,BOL-ADM3-33444609B16998103
167,129,Pari-Paria-Soracachi,40104,Oruro,5,401,Cercado,Oruro-Pari-Paria-Soracachi,Oruro-Cercado-Pari-Paria-Soracachi,BOL-ADM3-33444609B37510264
100,130,Collana,21307,La Paz,4,213,Aroma,La Paz-Collana,La Paz-Aroma-Collana,BOL-ADM3-33444609B66068349
137,131,Tolata,30803,Cochabamba,3,308,Germán Jordán,Cochabamba-Tolata,Cochabamba-Germán Jordán-Tolata,BOL-ADM3-33444609B94491619
325,132,Cobija,90101,Pando,6,901,Nicolás Suárez,Pando-Cobija,Pando-Nicolás Suárez-Cobija,BOL-ADM3-33444609B30727604
190,133,Eucaliptus,41101,Oruro,5,411,Tomás Barrón,Oruro-Eucaliptus,Oruro-Tomás Barrón-Eucaliptus,BOL-ADM3-33444609B21077453
48,134,Callapa,20308,La Paz,4,203,Pacajes,La Paz-Callapa,La Paz-Pacajes-Callapa,BOL-ADM3-33444609B28630051
117,135,Cochabamba,30101,Cochabamba,3,301,Cercado,Cochabamba-Cochabamba,Cochabamba-Cercado-Cochabamba,BOL-ADM3-33444609B41741681
165,136,Caracollo,40102,Oruro,5,401,Cercado,Oruro-Caracollo,Oruro-Cercado-Caracollo,BOL-ADM3-33444609B22900187
114,137,Catacora,21902,La Paz,4,219,José Manuel Pando,La Paz-Catacora,La Paz-José Manuel Pando-Catacora,BOL-ADM3-33444609B21007182
76,138,Yaco,20903,La Paz,4,209,Loayza,La Paz-Yaco,La Paz-Loayza-Yaco,BOL-ADM3-33444609B25632649
43,139,Calacoto,20303,La Paz,4,203,Pacajes,La Paz-Calacoto,La Paz-Pacajes-Calacoto,BOL-ADM3-33444609B93045845
128,140,Arani,30501,Cochabamba,3,305,Arani,Cochabamba-Arani,Cochabamba-Arani-Arani,BOL-ADM3-33444609B26131324
156,141,Punata,31401,Cochabamba,3,314,Punata,Cochabamba-Punata,Cochabamba-Punata-Punata,BOL-ADM3-33444609B3757470
94,142,Sica Sica,21301,La Paz,4,213,Aroma,La Paz-Sica Sica,La Paz-Aroma-Sica Sica,BOL-ADM3-33444609B21151286
98,143,Patacamaya,21305,La Paz,4,213,Aroma,La Paz-Patacamaya,La Paz-Aroma-Patacamaya,BOL-ADM3-33444609B32005482
99,144,Colquencha,21306,La Paz,4,213,Aroma,La Paz-Colquencha,La Paz-Aroma-Colquencha,BOL-ADM3-33444609B19082627
113,145,Santiago de Machaca,21901,La Paz,4,219,José Manuel Pando,La Paz-Santiago de Machaca,La Paz-José Manuel Pando-Santiago de Machaca,BOL-ADM3-33444609B96911206
334,146,El Sena,90303,Pando,6,903,Madre de Dios,Pando-El Sena,Pando-Madre de Dios-El Sena,BOL-ADM3-33444609B58600296
333,147,San Lorenzo,90302,Pando,6,903,Madre de Dios,Pando-San Lorenzo,Pando-Madre de Dios-San Lorenzo,BOL-ADM3-33444609B26946399
335,148,Santa Rosa,90401,Pando,6,904,Abuná,Pando-Santa Rosa,Pando-Abuná-Santa Rosa,BOL-ADM3-33444609B90312020
77,149,Malla,20904,La Paz,4,209,Loayza,La Paz-Malla,La Paz-Loayza-Malla,BOL-ADM3-33444609B20955158
44,150,Comanche,20304,La Paz,4,203,Pacajes,La Paz-Comanche,La Paz-Pacajes-Comanche,BOL-ADM3-33444609B91729130
97,151,Calamarca,21304,La Paz,4,213,Aroma,La Paz-Calamarca,La Paz-Aroma-Calamarca,BOL-ADM3-33444609B41933053
67,152,Viacha,20801,La Paz,4,208,Ingavi,La Paz-Viacha,La Paz-Ingavi-Viacha,BOL-ADM3-33444609B85812802
84,153,Villa Libertad Licoma,21006,La Paz,4,210,Inquisivi,La Paz-Villa Libertad Licoma,La Paz-Inquisivi-Villa Libertad Licoma,BOL-ADM3-33444609B79205479
80,154,Quime,21002,La Paz,4,210,Inquisivi,La Paz-Quime,La Paz-Inquisivi-Quime,BOL-ADM3-33444609B66902866
40,155,Huatajata,20206,La Paz,4,202,Omasuyos,La Paz-Huatajata,La Paz-Omasuyos-Huatajata,BOL-ADM3-33444609B98511044
91,156,Laja,21202,La Paz,4,212,Los Andes,La Paz-Laja,La Paz-Los Andes-Laja,BOL-ADM3-33444609B79531063
32,157,Mecapaca,20103,La Paz,4,201,Murillo,La Paz-Mecapaca,La Paz-Murillo-Mecapaca,BOL-ADM3-33444609B83826918
31,158,Palca,20102,La Paz,4,201,Murillo,La Paz-Palca,La Paz-Murillo-Palca,BOL-ADM3-33444609B56483619
33,159,Achocalla,20104,La Paz,4,201,Murillo,La Paz-Achocalla,La Paz-Murillo-Achocalla,BOL-ADM3-33444609B1863080
34,160,El Alto,20105,La Paz,4,201,Murillo,La Paz-El Alto,La Paz-Murillo-El Alto,BOL-ADM3-33444609B30011805
87,161,Yanacachi,21103,La Paz,4,211,Sud Yungas,La Paz-Yanacachi,La Paz-Sud Yungas-Yanacachi,BOL-ADM3-33444609B40374901
146,162,Tapacarí,31101,Cochabamba,3,311,Tapacarí,Cochabamba-Tapacarí,Cochabamba-Tapacarí-Tapacarí,BOL-ADM3-33444609B99579203
70,163,Desaguadero,20804,La Paz,4,208,Ingavi,La Paz-Desaguadero,La Paz-Ingavi-Desaguadero,BOL-ADM3-33444609B26061868
72,164,Jesús de Machaca,20806,La Paz,4,208,Ingavi,La Paz-Jesús de Machaca,La Paz-Ingavi-Jesús de Machaca,BOL-ADM3-33444609B81723104
68,165,Guaqui,20802,La Paz,4,208,Ingavi,La Paz-Guaqui,La Paz-Ingavi-Guaqui,BOL-ADM3-33444609B3928389
109,166,Tito Yupanqui,21703,La Paz,4,217,Manco Kapac,La Paz-Tito Yupanqui,La Paz-Manco Kapac-Tito Yupanqui,BOL-ADM3-33444609B83959891
90,167,Pucarani,21201,La Paz,4,212,Los Andes,La Paz-Pucarani,La Paz-Los Andes-Pucarani,BOL-ADM3-33444609B86182822
61,168,Combaya,20605,La Paz,4,206,Larecaja,La Paz-Combaya,La Paz-Larecaja-Combaya,BOL-ADM3-33444609B86015105
101,169,Coroico,21401,La Paz,4,214,Nor Yungas,La Paz-Coroico,La Paz-Nor Yungas-Coroico,BOL-ADM3-33444609B70122176
102,170,Coripata,21402,La Paz,4,214,Nor Yungas,La Paz-Coripata,La Paz-Nor Yungas-Coripata,BOL-ADM3-33444609B52332460
60,171,Quiabaya,20604,La Paz,4,206,Larecaja,La Paz-Quiabaya,La Paz-Larecaja-Quiabaya,BOL-ADM3-33444609B75079070
56,172,Aucapata,20503,La Paz,4,205,Muñecas,La Paz-Aucapata,La Paz-Muñecas-Aucapata,BOL-ADM3-33444609B51912538
96,173,Ayo Ayo,21303,La Paz,4,213,Aroma,La Paz-Ayo Ayo,La Paz-Aroma-Ayo Ayo,BOL-ADM3-33444609B77019342
4,174,Azurduy,10201,Chuquisaca,2,102,Azurduy,Chuquisaca-Azurduy,Chuquisaca-Azurduy-Azurduy,BOL-ADM3-33444609B52543177
62,175,Tipuani,20606,La Paz,4,206,Larecaja,La Paz-Tipuani,La Paz-Larecaja-Tipuani,BOL-ADM3-33444609B93497004
30,176,La Paz,20101,La Paz,4,201,Murillo,La Paz-La Paz,La Paz-Murillo-La Paz,BOL-ADM3-33444609B95766629
57,177,Sorata,20601,La Paz,4,206,Larecaja,La Paz-Sorata,La Paz-Larecaja-Sorata,BOL-ADM3-33444609B93873258
89,178,La Asunta,21105,La Paz,4,211,Sud Yungas,La Paz-La Asunta,La Paz-Sud Yungas-La Asunta,BOL-ADM3-33444609B25803532
54,179,Chuma,20501,La Paz,4,205,Muñecas,La Paz-Chuma,La Paz-Muñecas-Chuma,BOL-ADM3-33444609B88180595
58,180,Guanay,20602,La Paz,4,206,Larecaja,La Paz-Guanay,La Paz-Larecaja-Guanay,BOL-ADM3-33444609B33390960
64,181,Teoponte,20608,La Paz,4,206,Larecaja,La Paz-Teoponte,La Paz-Larecaja-Teoponte,BOL-ADM3-33444609B45650655
63,182,Mapiri,20607,La Paz,4,206,Larecaja,La Paz-Mapiri,La Paz-Larecaja-Mapiri,BOL-ADM3-33444609B90372031
105,183,Charazani,21601,La Paz,4,216,Bautista Saavedra,La Paz-Charazani,La Paz-Bautista Saavedra-Charazani,BOL-ADM3-33444609B50407902
228,184,"Caiza ""D""",51102,Potosí,7,511,José María Linares,"Potosí-Caiza ""D""","Potosí-José María Linares-Caiza ""D""",BOL-ADM3-33444609B73754741
107,185,Copacabana,21701,La Paz,4,217,Manco Kapac,La Paz-Copacabana,La Paz-Manco Kapac-Copacabana,BOL-ADM3-33444609B22177467
5,186,Tarvita,10202,Chuquisaca,2,102,Azurduy,Chuquisaca-Tarvita,Chuquisaca-Azurduy-Tarvita,BOL-ADM3-33444609B65808761
208,187,Chaquí,50302,Potosí,7,503,Cornelio Saavedra,Potosí-Chaquí,Potosí-Cornelio Saavedra-Chaquí,BOL-ADM3-33444609B42666607
227,188,Puna,51101,Potosí,7,511,José María Linares,Potosí-Puna,Potosí-José María Linares-Puna,BOL-ADM3-33444609B15997979
229,189,Ckochas,51103,Potosí,7,511,José María Linares,Potosí-Ckochas,Potosí-José María Linares-Ckochas,BOL-ADM3-33444609B30593293
14,190,El Villar,10405,Chuquisaca,2,104,Tomina,Chuquisaca-El Villar,Chuquisaca-Tomina-El Villar,BOL-ADM3-33444609B60642341
28,191,Huacaya,11002,Chuquisaca,2,110,Luis Calvo,Chuquisaca-Huacaya,Chuquisaca-Luis Calvo-Huacaya,BOL-ADM3-33444609B90845226
59,192,Tacacoma,20603,La Paz,4,206,Larecaja,La Paz-Tacacoma,La Paz-Larecaja-Tacacoma,BOL-ADM3-33444609B27309972
16,193,Huacareta,10502,Chuquisaca,2,105,Hernando Siles,Chuquisaca-Huacareta,Chuquisaca-Hernando Siles-Huacareta,BOL-ADM3-33444609B13482689
15,194,Monteagudo,10501,Chuquisaca,2,105,Hernando Siles,Chuquisaca-Monteagudo,Chuquisaca-Hernando Siles-Monteagudo,BOL-ADM3-33444609B9106763
199,195,Potosí,50101,Potosí,7,501,Tomás Frías,Potosí-Potosí,Potosí-Tomás Frías-Potosí,BOL-ADM3-33444609B51923126
108,196,San Pedro de Tiquina,21702,La Paz,4,217,Manco Kapac,La Paz-San Pedro de Tiquina,La Paz-Manco Kapac-San Pedro de Tiquina,BOL-ADM3-33444609B67965715
270,197,Lagunillas,70701,Santa Cruz,8,707,Cordillera,Santa Cruz-Lagunillas,Santa Cruz-Cordillera-Lagunillas,BOL-ADM3-33444609B6445025
13,198,Villa Alcalá,10404,Chuquisaca,2,104,Tomina,Chuquisaca-Villa Alcalá,Chuquisaca-Tomina-Villa Alcalá,BOL-ADM3-33444609B92818499
12,199,Sopachuy,10403,Chuquisaca,2,104,Tomina,Chuquisaca-Sopachuy,Chuquisaca-Tomina-Sopachuy,BOL-ADM3-33444609B9397800
9,200,Icla,10304,Chuquisaca,2,103,Zudáñez,Chuquisaca-Icla,Chuquisaca-Zudáñez-Icla,BOL-ADM3-33444609B74292684
2,201,Yotala,10102,Chuquisaca,2,101,Oropeza,Chuquisaca-Yotala,Chuquisaca-Oropeza-Yotala,BOL-ADM3-33444609B38543160
18,202,Yamparáez,10602,Chuquisaca,2,106,Yamparáez,Chuquisaca-Yamparáez,Chuquisaca-Yamparáez-Yamparáez,BOL-ADM3-33444609B32418048
11,203,Tomina,10402,Chuquisaca,2,104,Tomina,Chuquisaca-Tomina,Chuquisaca-Tomina-Tomina,BOL-ADM3-33444609B38412786
213,204,Ocurí,50404,Potosí,7,504,Chayanta,Potosí-Ocurí,Potosí-Chayanta-Ocurí,BOL-ADM3-33444609B72440734
17,205,Tarabuco,10601,Chuquisaca,2,106,Yamparáez,Chuquisaca-Tarabuco,Chuquisaca-Yamparáez-Tarabuco,BOL-ADM3-33444609B73936756
6,206,Zudañez,10301,Chuquisaca,2,103,Zudáñez,Chuquisaca-Zudañez,Chuquisaca-Zudáñez-Zudañez,BOL-ADM3-33444609B5472183
106,207,Curva,21602,La Paz,4,216,Bautista Saavedra,La Paz-Curva,La Paz-Bautista Saavedra-Curva,BOL-ADM3-33444609B88989469
66,208,Pelechuco,20702,La Paz,4,207,Franz Tamayo,La Paz-Pelechuco,La Paz-Franz Tamayo-Pelechuco,BOL-ADM3-33444609B30997278
88,209,Palos Blancos,21104,La Paz,4,211,Sud Yungas,La Paz-Palos Blancos,La Paz-Sud Yungas-Palos Blancos,BOL-ADM3-33444609B83015549
65,210,Apolo,20701,La Paz,4,207,Franz Tamayo,La Paz-Apolo,La Paz-Franz Tamayo-Apolo,BOL-ADM3-33444609B25123274
313,211,Rurrenabaque,80304,Beni,1,803,José Ballivián,Beni-Rurrenabaque,Beni-José Ballivián-Rurrenabaque,BOL-ADM3-33444609B4331330
104,212,San Buenaventura,21502,La Paz,4,215,Abel Iturralde,La Paz-San Buenaventura,La Paz-Abel Iturralde-San Buenaventura,BOL-ADM3-33444609B85439426
314,213,Santa Ana de Yacuma,80401,Beni,1,804,Yacuma,Beni-Santa Ana de Yacuma,Beni-Yacuma-Santa Ana de Yacuma,BOL-ADM3-33444609B23560373
311,214,San Borja,80302,Beni,1,803,José Ballivián,Beni-San Borja,Beni-José Ballivián-San Borja,BOL-ADM3-33444609B36751060
310,215,Reyes,80301,Beni,1,803,José Ballivián,Beni-Reyes,Beni-José Ballivián-Reyes,BOL-ADM3-33444609B13357475
332,216,Puerto Gonzalo Moreno,90301,Pando,6,903,Madre de Dios,Pando-Puerto Gonzalo Moreno,Pando-Madre de Dios-Puerto Gonzalo Moreno,BOL-ADM3-33444609B85003487
321,217,Puerto Siles,80703,Beni,1,807,Mamoré,Beni-Puerto Siles,Beni-Mamoré-Puerto Siles,BOL-ADM3-33444609B80291858
315,218,Exaltación,80402,Beni,1,804,Yacuma,Beni-Exaltación,Beni-Yacuma-Exaltación,BOL-ADM3-33444609B10458910
308,219,Riberalta,80201,Beni,1,802,Vaca Díez,Beni-Riberalta,Beni-Vaca Díez-Riberalta,BOL-ADM3-33444609B93314585
326,220,Porvenir,90102,Pando,6,901,Nicolás Suárez,Pando-Porvenir,Pando-Nicolás Suárez-Porvenir,BOL-ADM3-33444609B95419155
328,221,Bella Flor,90104,Pando,6,901,Nicolás Suárez,Pando-Bella Flor,Pando-Nicolás Suárez-Bella Flor,BOL-ADM3-33444609B83803279
330,222,San Pedro,90202,Pando,6,902,Manuripi,Pando-San Pedro,Pando-Manuripi-San Pedro,BOL-ADM3-33444609B11509981
329,223,Puerto Rico,90201,Pando,6,902,Manuripi,Pando-Puerto Rico,Pando-Manuripi-Puerto Rico,BOL-ADM3-33444609B55981723
312,224,Santa Rosa,80303,Beni,1,803,José Ballivián,Beni-Santa Rosa,Beni-José Ballivián-Santa Rosa,BOL-ADM3-33444609B45825141
336,225,Ingavi,90402,Pando,6,904,Abuná,Pando-Ingavi,Pando-Abuná-Ingavi,BOL-ADM3-33444609B53699713
309,226,Guayaramerín,80202,Beni,1,802,Vaca Díez,Beni-Guayaramerín,Beni-Vaca Díez-Guayaramerín,BOL-ADM3-33444609B93580112
338,227,Villa Nueva-Loma Alta,90502,Pando,6,905,Federico Román,Pando-Villa Nueva-Loma Alta,Pando-Federico Román-Villa Nueva-Loma Alta,BOL-ADM3-33444609B33507653
339,228,Santos Mercado,90503,Pando,6,905,Federico Román,Pando-Santos Mercado,Pando-Federico Román-Santos Mercado,BOL-ADM3-33444609B15181859
337,229,Nueva Esperanza,90501,Pando,6,905,Federico Román,Pando-Nueva Esperanza,Pando-Federico Román-Nueva Esperanza,BOL-ADM3-33444609B91423379
39,230,Santiago de Huata,20205,La Paz,4,202,Omasuyos,La Paz-Santiago de Huata,La Paz-Omasuyos-Santiago de Huata,BOL-ADM3-33444609B41664570
93,231,Puerto Pérez,21204,La Paz,4,212,Los Andes,La Paz-Puerto Pérez,La Paz-Los Andes-Puerto Pérez,BOL-ADM3-33444609B7909722
206,232,Chuquihuta,50204,Potosí,7,502,Rafael Bustillo,Potosí-Chuquihuta,Potosí-Rafael Bustillo-Chuquihuta,BOL-ADM3-33444609B27408509
327,233,Bolpebra,90103,Pando,6,901,Nicolás Suárez,Pando-Bolpebra,Pando-Nicolás Suárez-Bolpebra,BOL-ADM3-33444609B21368266
331,234,Filadelfia,90203,Pando,6,902,Manuripi,Pando-Filadelfia,Pando-Manuripi-Filadelfia,BOL-ADM3-33444609B21491486
116,235,Alto Beni,22002,La Paz,4,220,Caranavi,La Paz-Alto Beni,La Paz-Caranavi-Alto Beni,BOL-ADM3-33444609B19655093
115,236,Caranavi,22001,La Paz,4,220,Caranavi,La Paz-Caranavi,La Paz-Caranavi-Caranavi,BOL-ADM3-33444609B96037932
38,237,Huarina,20204,La Paz,4,202,Omasuyos,La Paz-Huarina,La Paz-Omasuyos-Huarina,BOL-ADM3-33444609B8469227
161,238,Bolívar,31501,Cochabamba,3,315,Bolívar,Cochabamba-Bolívar,Cochabamba-Bolívar-Bolívar,BOL-ADM3-33444609B76614989
37,239,Chua Cocani,20203,La Paz,4,202,Omasuyos,La Paz-Chua Cocani,La Paz-Omasuyos-Chua Cocani,BOL-ADM3-33444609B43692068
52,240,Humanata,20404,La Paz,4,204,Camacho,La Paz-Humanata,La Paz-Camacho-Humanata,BOL-ADM3-33444609B78666461
27,241,Muyupampa,11001,Chuquisaca,2,110,Luis Calvo,Chuquisaca-Muyupampa,Chuquisaca-Luis Calvo-Muyupampa,BOL-ADM3-33444609B92881157
92,242,Batallas,21203,La Paz,4,212,Los Andes,La Paz-Batallas,La Paz-Los Andes-Batallas,BOL-ADM3-33444609B42689736
10,243,Padilla,10401,Chuquisaca,2,104,Tomina,Chuquisaca-Padilla,Chuquisaca-Tomina-Padilla,BOL-ADM3-33444609B75760336
8,244,Mojocoya,10303,Chuquisaca,2,103,Zudáñez,Chuquisaca-Mojocoya,Chuquisaca-Zudáñez-Mojocoya,BOL-ADM3-33444609B69980236
281,245,Pucará,70805,Santa Cruz,8,708,Vallegrande,Santa Cruz-Pucará,Santa Cruz-Vallegrande-Pucará,BOL-ADM3-33444609B51772236
23,246,Villa Serrano,10801,Chuquisaca,2,108,Belisario Boeto,Chuquisaca-Villa Serrano,Chuquisaca-Belisario Boeto-Villa Serrano,BOL-ADM3-33444609B69127220
29,247,Macharetí,11003,Chuquisaca,2,110,Luis Calvo,Chuquisaca-Macharetí,Chuquisaca-Luis Calvo-Macharetí,BOL-ADM3-33444609B12353677
276,248,Boyuibe,70707,Santa Cruz,8,707,Cordillera,Santa Cruz-Boyuibe,Santa Cruz-Cordillera-Boyuibe,BOL-ADM3-33444609B47604355
273,249,Cuevo,70704,Santa Cruz,8,707,Cordillera,Santa Cruz-Cuevo,Santa Cruz-Cordillera-Cuevo,BOL-ADM3-33444609B96934473
275,250,Camiri,70706,Santa Cruz,8,707,Cordillera,Santa Cruz-Camiri,Santa Cruz-Cordillera-Camiri,BOL-ADM3-33444609B99493244
123,251,Cocapata,30303,Cochabamba,3,303,Ayopaya,Cochabamba-Cocapata,Cochabamba-Ayopaya-Cocapata,BOL-ADM3-33444609B83608870
277,252,Vallegrande,70801,Santa Cruz,8,708,Vallegrande,Santa Cruz-Vallegrande,Santa Cruz-Vallegrande-Vallegrande,BOL-ADM3-33444609B53201147
274,253,Gutiérrez,70705,Santa Cruz,8,707,Cordillera,Santa Cruz-Gutiérrez,Santa Cruz-Cordillera-Gutiérrez,BOL-ADM3-33444609B32904525
1,254,Sucre,10101,Chuquisaca,2,101,Oropeza,Chuquisaca-Sucre,Chuquisaca-Oropeza-Sucre,BOL-ADM3-33444609B61390228
7,255,Presto,10302,Chuquisaca,2,103,Zudáñez,Chuquisaca-Presto,Chuquisaca-Zudáñez-Presto,BOL-ADM3-33444609B90222474
280,256,Postrer Valle,70804,Santa Cruz,8,708,Vallegrande,Santa Cruz-Postrer Valle,Santa Cruz-Vallegrande-Postrer Valle,BOL-ADM3-33444609B25796587
278,257,Trigal,70802,Santa Cruz,8,708,Vallegrande,Santa Cruz-Trigal,Santa Cruz-Vallegrande-Trigal,BOL-ADM3-33444609B52561385
285,258,Quirusillas,70904,Santa Cruz,8,709,Florida,Santa Cruz-Quirusillas,Santa Cruz-Florida-Quirusillas,BOL-ADM3-33444609B67865308
272,259,Cabezas,70703,Santa Cruz,8,707,Cordillera,Santa Cruz-Cabezas,Santa Cruz-Cordillera-Cabezas,BOL-ADM3-33444609B3158247
251,260,Cotoca,70102,Santa Cruz,8,701,Andrés Ibáñez,Santa Cruz-Cotoca,Santa Cruz-Andrés Ibáñez-Cotoca,BOL-ADM3-33444609B36360155
262,261,Yapacaní,70403,Santa Cruz,8,704,Ichilo,Santa Cruz-Yapacaní,Santa Cruz-Ichilo-Yapacaní,BOL-ADM3-33444609B82294182
296,262,Cuatro Cañadas,71106,Santa Cruz,8,711,Ñuflo de Chávez,Santa Cruz-Cuatro Cañadas,Santa Cruz-Ñuflo de Chávez-Cuatro Cañadas,BOL-ADM3-33444609B81436946
293,263,San Ramón,71103,Santa Cruz,8,711,Ñuflo de Chávez,Santa Cruz-San Ramón,Santa Cruz-Ñuflo de Chávez-San Ramón,BOL-ADM3-33444609B34841445
307,264,San Javier,80102,Beni,1,801,Cercado,Beni-San Javier,Beni-Cercado-San Javier,BOL-ADM3-33444609B57224915
258,265,San Miguel de Velasco,70302,Santa Cruz,8,703,Velasco,Santa Cruz-San Miguel de Velasco,Santa Cruz-Velasco-San Miguel de Velasco,BOL-ADM3-33444609B78704867
145,266,Villa Tunari,31003,Cochabamba,3,310,Chapare,Cochabamba-Villa Tunari,Cochabamba-Chapare-Villa Tunari,BOL-ADM3-33444609B25395901
150,267,Chimoré,31204,Cochabamba,3,312,Carrasco,Cochabamba-Chimoré,Cochabamba-Carrasco-Chimoré,BOL-ADM3-33444609B24552917
162,268,Tiraque,31601,Cochabamba,3,316,Tiraque,Cochabamba-Tiraque,Cochabamba-Tiraque-Tiraque,BOL-ADM3-33444609B18430420
163,269,Shinahota,31602,Cochabamba,3,316,Tiraque,Cochabamba-Shinahota,Cochabamba-Tiraque-Shinahota,BOL-ADM3-33444609B95602913
286,270,Montero,71001,Santa Cruz,8,710,Obispo Santistevan,Santa Cruz-Montero,Santa Cruz-Obispo Santistevan-Montero,BOL-ADM3-33444609B71154134
303,271,Ascensión de Guarayos,71501,Santa Cruz,8,715,Guarayos,Santa Cruz-Ascensión de Guarayos,Santa Cruz-Guarayos-Ascensión de Guarayos,BOL-ADM3-33444609B46709169
318,272,San Andrés,80602,Beni,1,806,Marbán,Beni-San Andrés,Beni-Marbán-San Andrés,BOL-ADM3-33444609B55665100
129,273,Vacas,30502,Cochabamba,3,305,Arani,Cochabamba-Vacas,Cochabamba-Arani-Vacas,BOL-ADM3-33444609B36270672
149,274,Pocona,31203,Cochabamba,3,312,Carrasco,Cochabamba-Pocona,Cochabamba-Carrasco-Pocona,BOL-ADM3-33444609B99795676
256,275,Okinawa Uno,70202,Santa Cruz,8,702,Warnes,Santa Cruz-Okinawa Uno,Santa Cruz-Warnes-Okinawa Uno,BOL-ADM3-33444609B439401
255,276,Warnes,70201,Santa Cruz,8,702,Warnes,Santa Cruz-Warnes,Santa Cruz-Warnes-Warnes,BOL-ADM3-33444609B11056664
287,277,Gral. Saavedra,71002,Santa Cruz,8,710,Obispo Santistevan,Santa Cruz-Gral. Saavedra,Santa Cruz-Obispo Santistevan-Gral. Saavedra,BOL-ADM3-33444609B54301679
265,278,Pailón,70502,Santa Cruz,8,705,Chiquitos,Santa Cruz-Pailón,Santa Cruz-Chiquitos-Pailón,BOL-ADM3-33444609B10251116
289,279,Fernández Alonso,71004,Santa Cruz,8,710,Obispo Santistevan,Santa Cruz-Fernández Alonso,Santa Cruz-Obispo Santistevan-Fernández Alonso,BOL-ADM3-33444609B49773042
288,280,Mineros,71003,Santa Cruz,8,710,Obispo Santistevan,Santa Cruz-Mineros,Santa Cruz-Obispo Santistevan-Mineros,BOL-ADM3-33444609B82751741
283,281,Pampa Grande,70902,Santa Cruz,8,709,Florida,Santa Cruz-Pampa Grande,Santa Cruz-Florida-Pampa Grande,BOL-ADM3-33444609B58335505
284,282,Mairana,70903,Santa Cruz,8,709,Florida,Santa Cruz-Mairana,Santa Cruz-Florida-Mairana,BOL-ADM3-33444609B78053551
151,283,Puerto Villarroel,31205,Cochabamba,3,312,Carrasco,Cochabamba-Puerto Villarroel,Cochabamba-Carrasco-Puerto Villarroel,BOL-ADM3-33444609B66013257
269,284,Colpa Belgica,70603,Santa Cruz,8,706,Sara,Santa Cruz-Colpa Belgica,Santa Cruz-Sara-Colpa Belgica,BOL-ADM3-33444609B84075203
300,285,Puerto Suárez,71401,Santa Cruz,8,714,Germán Busch,Santa Cruz-Puerto Suárez,Santa Cruz-Germán Busch-Puerto Suárez,BOL-ADM3-33444609B58337466
302,286,Carmen Rivero Tórrez,71403,Santa Cruz,8,714,Germán Busch,Santa Cruz-Carmen Rivero Tórrez,Santa Cruz-Germán Busch-Carmen Rivero Tórrez,BOL-ADM3-33444609B52930702
266,287,Roboré,70503,Santa Cruz,8,705,Chiquitos,Santa Cruz-Roboré,Santa Cruz-Chiquitos-Roboré,BOL-ADM3-33444609B32568642
297,288,San Matías,71201,Santa Cruz,8,712,Ángel Sandoval,Santa Cruz-San Matías,Santa Cruz-Ángel Sandoval-San Matías,BOL-ADM3-33444609B83253902
271,289,Charagua,70702,Santa Cruz,8,707,Cordillera,Santa Cruz-Charagua,Santa Cruz-Cordillera-Charagua,BOL-ADM3-33444609B85273692
264,290,San José de Chiquitos,70501,Santa Cruz,8,705,Chiquitos,Santa Cruz-San José de Chiquitos,Santa Cruz-Chiquitos-San José de Chiquitos,BOL-ADM3-33444609B21156081
259,291,San Rafael,70303,Santa Cruz,8,703,Velasco,Santa Cruz-San Rafael,Santa Cruz-Velasco-San Rafael,BOL-ADM3-33444609B61104849
121,292,Independencia,30301,Cochabamba,3,303,Ayopaya,Cochabamba-Independencia,Cochabamba-Ayopaya-Independencia,BOL-ADM3-33444609B74694029
257,293,San Ignacio de Velasco,70301,Santa Cruz,8,703,Velasco,Santa Cruz-San Ignacio de Velasco,Santa Cruz-Velasco-San Ignacio de Velasco,BOL-ADM3-33444609B38230040
304,294,Urubichá,71502,Santa Cruz,8,715,Guarayos,Santa Cruz-Urubichá,Santa Cruz-Guarayos-Urubichá,BOL-ADM3-33444609B93004293
323,295,Baures,80802,Beni,1,808,Iténez,Beni-Baures,Beni-Iténez-Baures,BOL-ADM3-33444609B21187437
306,296,Trinidad,80101,Beni,1,801,Cercado,Beni-Trinidad,Beni-Cercado-Trinidad,BOL-ADM3-33444609B59063344
295,297,San Antonio de Lomerío,71105,Santa Cruz,8,711,Ñuflo de Chávez,Santa Cruz-San Antonio de Lomerío,Santa Cruz-Ñuflo de Chávez-San Antonio de Lomerío,BOL-ADM3-33444609B54102559
148,298,Pojo,31202,Cochabamba,3,312,Carrasco,Cochabamba-Pojo,Cochabamba-Carrasco-Pojo,BOL-ADM3-33444609B66575543
152,299,Entre Ríos,31206,Cochabamba,3,312,Carrasco,Cochabamba-Entre Ríos,Cochabamba-Carrasco-Entre Ríos,BOL-ADM3-33444609B6351519
3,300,Poroma,10103,Chuquisaca,2,101,Oropeza,Chuquisaca-Poroma,Chuquisaca-Oropeza-Poroma,BOL-ADM3-33444609B40832379
144,301,Colomi,31002,Cochabamba,3,310,Chapare,Cochabamba-Colomi,Cochabamba-Chapare-Colomi,BOL-ADM3-33444609B77419578
155,302,Alalay,31303,Cochabamba,3,313,Mizque,Cochabamba-Alalay,Cochabamba-Mizque-Alalay,BOL-ADM3-33444609B47454413
154,303,Vila Vila,31302,Cochabamba,3,313,Mizque,Cochabamba-Vila Vila,Cochabamba-Mizque-Vila Vila,BOL-ADM3-33444609B95117685
103,304,Ixiamas,21501,La Paz,4,215,Abel Iturralde,La Paz-Ixiamas,La Paz-Abel Iturralde-Ixiamas,BOL-ADM3-33444609B5346742
55,305,Ayata,20502,La Paz,4,205,Muñecas,La Paz-Ayata,La Paz-Muñecas-Ayata,BOL-ADM3-33444609B73132405
230,306,Uyuni,51201,Potosí,7,512,Antonio Quijarro,Potosí-Uyuni,Potosí-Antonio Quijarro-Uyuni,BOL-ADM3-33444609B71435776
46,307,Waldo Ballivián,20306,La Paz,4,203,Pacajes,La Paz-Waldo Ballivián,La Paz-Pacajes-Waldo Ballivián,BOL-ADM3-33444609B66511934
172,308,Curahuara de Carangas,40401,Oruro,5,404,Sajama,Oruro-Curahuara de Carangas,Oruro-Sajama-Curahuara de Carangas,BOL-ADM3-33444609B68137279
171,309,Choque Cota,40302,Oruro,5,403,Carangas,Oruro-Choque Cota,Oruro-Carangas-Choque Cota,BOL-ADM3-33444609B36186520
175,310,Escara,40502,Oruro,5,405,Litoral,Oruro-Escara,Oruro-Litoral-Escara,BOL-ADM3-33444609B87640342
187,311,Coipasa,40902,Oruro,5,409,Sabaya,Oruro-Coipasa,Oruro-Sabaya-Coipasa,BOL-ADM3-33444609B79549253
188,312,Chipaya,40903,Oruro,5,409,Sabaya,Oruro-Chipaya,Oruro-Sabaya-Chipaya,BOL-ADM3-33444609B48403080
204,313,Chayanta,50202,Potosí,7,502,Rafael Bustillo,Potosí-Chayanta,Potosí-Rafael Bustillo-Chayanta,BOL-ADM3-33444609B66088023
184,314,Salinas de Garci Mendoza,40801,Oruro,5,408,Ladislao Cabrera,Oruro-Salinas de Garci Mendoza,Oruro-Ladislao Cabrera-Salinas de Garci Mendoza,BOL-ADM3-33444609B60563542
220,315,Tupiza,50801,Potosí,7,508,Sud Chichas,Potosí-Tupiza,Potosí-Sud Chichas-Tupiza,BOL-ADM3-33444609B90206942
221,316,Atocha,50802,Potosí,7,508,Sud Chichas,Potosí-Atocha,Potosí-Sud Chichas-Atocha,BOL-ADM3-33444609B106993
223,317,San Pedro de Quemes,50902,Potosí,7,509,Nor Lípez,Potosí-San Pedro de Quemes,Potosí-Nor Lípez-San Pedro de Quemes,BOL-ADM3-33444609B51545061
294,318,San Julián,71104,Santa Cruz,8,711,Ñuflo de Chávez,Santa Cruz-San Julián,Santa Cruz-Ñuflo de Chávez-San Julián,BOL-ADM3-33444609B42696709
248,319,El Puente,60502,Tarija,9,605,Méndez,Tarija-El Puente,Tarija-Méndez-El Puente,BOL-ADM3-33444609B68632045
298,320,Comarapa,71301,Santa Cruz,8,713,Manuel María Caballero,Santa Cruz-Comarapa,Santa Cruz-Manuel María Caballero-Comarapa,BOL-ADM3-33444609B10638383
241,321,Bermejo,60202,Tarija,9,602,Arce,Tarija-Bermejo,Tarija-Arce-Bermejo,BOL-ADM3-33444609B8717747
22,322,Villa Charcas,10704,Chuquisaca,2,107,Nor Cinti,Chuquisaca-Villa Charcas,Chuquisaca-Nor Cinti-Villa Charcas,BOL-ADM3-33444609B53463626
49,323,Puerto Acosta,20401,La Paz,4,204,Camacho,La Paz-Puerto Acosta,La Paz-Camacho-Puerto Acosta,BOL-ADM3-33444609B82635532
53,324,Escoma,20405,La Paz,4,204,Camacho,La Paz-Escoma,La Paz-Camacho-Escoma,BOL-ADM3-33444609B17656422
45,325,Charaña,20305,La Paz,4,203,Pacajes,La Paz-Charaña,La Paz-Pacajes-Charaña,BOL-ADM3-33444609B71044330
35,326,Achacachi,20201,La Paz,4,202,Omasuyos,La Paz-Achacachi,La Paz-Omasuyos-Achacachi,BOL-ADM3-33444609B93991773
73,327,Taraco,20807,La Paz,4,208,Ingavi,La Paz-Taraco,La Paz-Ingavi-Taraco,BOL-ADM3-33444609B13753118
71,328,San Andrés de Machaca,20805,La Paz,4,208,Ingavi,La Paz-San Andrés de Machaca,La Paz-Ingavi-San Andrés de Machaca,BOL-ADM3-33444609B75690871
209,329,Tacobamba,50303,Potosí,7,503,Cornelio Saavedra,Potosí-Tacobamba,Potosí-Cornelio Saavedra-Tacobamba,BOL-ADM3-33444609B31051948
168,330,Challapata,40201,Oruro,5,402,Eduardo Avaroa,Oruro-Challapata,Oruro-Eduardo Avaroa-Challapata,BOL-ADM3-33444609B24985970
203,331,Uncía,50201,Potosí,7,502,Rafael Bustillo,Potosí-Uncía,Potosí-Rafael Bustillo-Uncía,BOL-ADM3-33444609B93024851
211,332,Ravelo,50402,Potosí,7,504,Chayanta,Potosí-Ravelo,Potosí-Chayanta-Ravelo,BOL-ADM3-33444609B54083051
153,333,Mizque,31301,Cochabamba,3,313,Mizque,Cochabamba-Mizque,Cochabamba-Mizque-Mizque,BOL-ADM3-33444609B27870252
119,334,Pasorapa,30202,Cochabamba,3,302,Campero,Cochabamba-Pasorapa,Cochabamba-Campero-Pasorapa,BOL-ADM3-33444609B5020991
216,335,Cotagaita,50601,Potosí,7,506,Nor Chichas,Potosí-Cotagaita,Potosí-Nor Chichas-Cotagaita,BOL-ADM3-33444609B93401902
19,336,Camargo,10701,Chuquisaca,2,107,Nor Cinti,Chuquisaca-Camargo,Chuquisaca-Nor Cinti-Camargo,BOL-ADM3-33444609B61161865
237,337,Villazón,51501,Potosí,7,515,Modesto Omiste,Potosí-Villazón,Potosí-Modesto Omiste-Villazón,BOL-ADM3-33444609B2211567
240,338,Padcaya,60201,Tarija,9,602,Arce,Tarija-Padcaya,Tarija-Arce-Padcaya,BOL-ADM3-33444609B28920794
